Group ID,Participant ID,Num Instances,Start Times,Durations,Num Instances,Mean Start Time,Std Start Time,Mean Duration,Std Duration,FFT1,FFT2,FFT3,Cluster_GMM,PCA1,PCA2
123,1,26,"[101.821, 103.643, 110.444, 113.549, 114.106, 115.355, 115.827, 122.425, 123.539, 123.64, 132.55, 140.971, 173.168, 175.818, 206.513, 207.593, 218.107, 233.682, 261.222, 345.445, 356.802, 374.302, 418.683, 451.792, 462.338, 520.658]","[0.338, 0.017, 1.367, 0.506, 0.405, 0.422, 0.101, 0.624, 0.067, 1.266, 0.591, 0.354, 0.607, 3.442, 0.54, 1.232, 0.523, 0.304, 0.388, 0.54, 0.422, 0.236, 0.152, 0.473, 0.068, 1.215]",26.0,223.99973076923078,128.96042695325562,0.6230769230769232,0.6726448327356104,20.89515349487212,11.857452548385549,12.287405665600355,1,-0.9785537888497983,-0.9278833100491025
123,2,58,"[63.11, 67.295, 71.8, 77.133, 150.64, 150.91, 159.652, 164.883, 171.802, 176.577, 178.282, 206.632, 235.15, 241.681, 244.043, 251.62, 258.978, 261.29, 268.31, 281.962, 290.872, 294.972, 298.162, 304.287, 309.164, 313.332, 319.492, 326.191, 330.933, 337.328, 353.528, 355.334, 362.506, 366.877, 375.01, 379.6, 384.764, 388.004, 389.945, 427.694, 432.892, 494.182, 496.966, 521.08, 539.997, 549.92, 556.973, 558.965, 562.475, 569.967, 588.884, 591.128, 594.773, 596.191, 596.967, 597.305, 607.008, 610.973]","[2.177, 2.818, 0.287, 2.042, 0.219, 1.772, 1.282, 1.502, 4.759, 0.034, 3.611, 0.608, 1.721, 1.131, 0.388, 5.029, 2.059, 2.329, 1.536, 2.751, 3.527, 2.514, 1.873, 2.481, 0.354, 3.814, 3.729, 1.097, 4.573, 6.345, 0.236, 2.312, 1.991, 0.135, 0.574, 1.451, 1.704, 0.54, 2.734, 0.928, 14.276, 0.877, 5.366, 1.485, 8.37, 0.321, 1.029, 0.861, 0.422, 4.134, 1.046, 2.143, 1.198, 0.067, 0.068, 0.219, 1.738, 2.042]",58.0,356.14467241379316,160.93510390274022,2.183258620689655,2.3296537448827825,40.53774318965831,8.772526079164741,11.784119221427682,2,0.5519518604168655,1.0780028962209016
123,3,5,"[313.433, 354.592, 411.427, 441.262, 612.104]","[0.084, 0.456, 0.827, 0.202, 0.54]",5.0,426.56360000000006,102.80938042532891,0.4218,0.2614378702483632,4.358977032893154,2.901055819175262,2.0610692730372775,1,-2.3972691669710517,-1.9876575386260815
123,4,66,"[5.228, 14.695, 27.2, 40.565, 87.595, 127.285, 132.55, 150.725, 155.602, 159.078, 190.769, 194.431, 197.519, 210.935, 222.747, 225.802, 232.872, 251.992, 260.041, 262.268, 279.903, 279.937, 283.008, 292.255, 300.98, 302.903, 309.822, 318.715, 330.781, 335.135, 343.42, 344.315, 350.71, 352.921, 353.967, 355.688, 362.877, 371.028, 374.116, 378.335, 384.292, 391.818, 397.302, 402.179, 403.782, 404.069, 435.659, 449.834, 452.72, 458.491, 460.803, 465.663, 495.413, 519.072, 542.056, 546.106, 557.986, 558.02, 567.149, 568.465, 568.702, 571.655, 576.633, 588.007, 594.487, 597.676]","[4.877, 3.662, 2.076, 0.979, 1.924, 1.232, 0.911, 0.692, 3.409, 0.034, 2.312, 1.671, 0.945, 0.574, 0.776, 1.35, 0.456, 6.632, 0.523, 1.08, 0.017, 1.215, 0.489, 5.383, 0.658, 3.088, 1.721, 2.987, 1.299, 5.94, 0.709, 4.337, 1.536, 0.489, 1.282, 2.481, 1.249, 0.911, 2.869, 0.979, 1.063, 1.89, 2.025, 1.536, 0.034, 0.726, 3.966, 0.911, 0.591, 1.485, 2.886, 1.451, 0.54, 4.168, 1.907, 1.991, 0.017, 0.759, 0.962, 0.051, 0.608, 3.156, 1.451, 2.295, 0.202, 0.287]",66.0,344.37506060606063,156.22739160351733,1.7077575757575756,1.4677522503826095,47.6633732924441,15.199282801017345,0.8386382901774908,2,0.6403704948816923,0.0941551088843437
Oct1010,5,4,"[112.537, 112.773, 115.962, 238.154]","[0.034, 0.203, 0.051, 0.456]",4.0,144.85649999999998,53.88231780695778,0.186,0.16920254135207308,3.8541019662496843,3.442978647370571,2.8541019662496847,1,-3.192392103471078,-1.5347836700636075
Oct1010,6,114,"[7.186, 11.337, 28.263, 41.662, 46.522, 47.483, 54.858, 80.677, 83.427, 86.195, 95.527, 100.572, 115.658, 168.14, 171.312, 178.602, 186.196, 189.065, 197.755, 205.889, 229.177, 236.585, 244.938, 245.782, 249.73, 250.793, 250.895, 251.705, 258.134, 261.998, 263.433, 266.622, 271.533, 274.418, 288.509, 297.385, 303.477, 315.323, 316.167, 327.423, 329.431, 332.89, 337.092, 337.565, 343.336, 345.108, 348.972, 349.057, 350.963, 355.351, 361.46, 366.235, 367.501, 369.003, 385.76, 385.827, 399.496, 402.854, 406.6, 410.127, 415.493, 423.897, 426.614, 428.555, 433.668, 442.527, 446.138, 459.706, 463.857, 473.611, 500.999, 506.298, 509.909, 511.023, 513.959, 515.174, 518.633, 525.738, 532.083, 537.719, 538.462, 539.558, 543.203, 555.05, 559.319, 563.099, 565.462, 571.908, 575.384, 578.658, 582.995, 584.142, 589.205, 589.778, 593.221, 612.172, 618.01, 621.588, 624.963, 628.102, 642.175, 657.397, 661.784, 662.442, 671.858, 674.255, 684.768, 689.02, 699.23, 707.448, 709.962, 715.193, 721.977, 723.631]","[3.544, 0.557, 0.81, 1.434, 0.574, 0.135, 1.62, 1.08, 2.025, 0.186, 2.16, 2.379, 0.371, 1.401, 3.611, 4.421, 0.861, 3.459, 6.396, 4.539, 1.114, 1.536, 0.253, 1.688, 1.046, 0.051, 0.726, 1.772, 2.481, 0.152, 1.08, 1.502, 1.012, 5.012, 0.337, 0.574, 0.726, 0.726, 0.405, 0.219, 1.08, 0.861, 0.101, 5.484, 0.287, 0.219, 0.051, 0.202, 0.067, 0.067, 2.244, 1.046, 0.371, 0.793, 0.051, 0.051, 0.557, 1.316, 0.675, 0.304, 1.249, 0.861, 0.709, 2.228, 2.734, 0.101, 2.886, 2.548, 3.459, 1.553, 2.396, 0.911, 0.709, 0.253, 0.827, 0.321, 2.413, 1.451, 1.603, 0.388, 0.118, 0.304, 0.894, 0.675, 3.071, 0.726, 0.405, 2.025, 1.586, 1.164, 0.405, 1.266, 0.219, 0.101, 0.27, 2.059, 2.531, 2.987, 0.169, 3.392, 0.304, 4.253, 0.321, 1.333, 0.371, 2.666, 2.059, 5.889, 1.738, 1.586, 2.362, 1.164, 0.962, 0.743]",114.0,400.2280789473684,192.3373417310337,1.3992982456140348,1.3439796033450242,68.06826135220652,7.619052750556528,10.007280571437411,0,2.494878895350268,-0.526066821436172
Oct1010,7,115,"[66.907, 76.07, 78.652, 83.005, 83.073, 83.157, 88.473, 95.797, 107.828, 110.495, 111.794, 114.562, 121.278, 123.455, 123.742, 124.13, 124.484, 138.305, 156.884, 157.002, 157.255, 157.846, 158.099, 166.047, 171.667, 184.559, 194.819, 196.608, 204.742, 206.513, 240.382, 252.751, 263.787, 268.327, 272.765, 292.407, 300.136, 302.228, 322.917, 328.368, 328.553, 328.79, 331.793, 342.239, 353.765, 358.54, 361.713, 364.902, 369.138, 376.613, 381.406, 381.98, 385.793, 388.19, 393.674, 399.074, 403.529, 415.477, 417.552, 419.797, 423.391, 425.247, 426.952, 430.158, 436.722, 440.08, 461.984, 465.072, 467.907, 470.978, 477.273, 482.437, 486.942, 497.168, 504.847, 509.943, 511.765, 514.718, 518.11, 527.003, 529.13, 531.931, 534.985, 537.415, 538.276, 541.364, 545.414, 551.32, 554.645, 556.045, 557.969, 564.01, 566.339, 568.921, 585.644, 592.732, 618.55, 621.959, 632.81, 642.26, 647.879, 650.326, 654.967, 657.498, 672.938, 680.33, 681.663, 685.882, 687.94, 689.206, 693.037, 695.213, 706.621, 709.118, 713.86]","[0.017, 1.316, 2.835, 0.051, 0.051, 0.118, 1.282, 1.046, 0.337, 1.215, 0.253, 0.051, 0.27, 0.135, 0.034, 0.067, 1.552, 0.726, 0.051, 0.118, 0.405, 0.017, 0.861, 0.861, 2.801, 0.911, 0.27, 1.029, 0.911, 3.746, 2.869, 0.911, 0.574, 0.675, 2.312, 0.287, 0.692, 0.304, 0.405, 0.118, 0.219, 0.27, 0.54, 1.08, 1.147, 0.557, 1.839, 1.822, 0.608, 0.456, 0.405, 0.945, 1.991, 1.097, 2.008, 2.649, 0.793, 1.35, 0.54, 1.958, 0.152, 1.131, 0.979, 1.046, 1.266, 1.131, 0.472, 0.692, 0.371, 0.219, 1.417, 1.384, 0.877, 1.502, 2.514, 1.198, 0.422, 1.046, 0.439, 1.316, 1.215, 0.979, 0.236, 0.793, 0.456, 0.894, 1.957, 1.654, 0.489, 0.827, 1.013, 0.81, 0.253, 0.658, 0.591, 0.557, 1.434, 2.835, 1.468, 1.029, 1.367, 0.101, 0.439, 1.89, 0.439, 0.388, 1.181, 1.401, 1.249, 0.591, 0.321, 0.945, 0.338, 1.468, 0.354]",115.0,394.7019826086957,193.125038336171,0.9300173913043478,0.7334785967371207,67.3249745404239,12.121171290182556,20.592182077123404,0,3.1212971972976655,-1.10207630371268
Oct1010,8,70,"[104.842, 108.807, 111.676, 116.62, 147.215, 173.573, 179.868, 195.562, 198.245, 201.637, 261.695, 269.255, 274.891, 278.57, 279.852, 299.225, 301.874, 303.916, 315.83, 317.534, 320.453, 324.655, 326.933, 328.807, 354.524, 375.803, 379.398, 385.912, 392.341, 399.833, 403.985, 412.439, 426.378, 429.095, 429.922, 434.157, 440.755, 446.577, 448.248, 469.612, 497.776, 514.01, 516.406, 519.241, 520.962, 532.572, 533.973, 534.26, 556.383, 563.352, 571.013, 579.94, 593.002, 613.775, 615.395, 616.93, 619.006, 620.457, 646.242, 657.093, 660.434, 664.045, 675.115, 690.033, 694.977, 701.93, 708.798, 710.637, 712.443, 715.733]","[1.434, 0.304, 0.489, 0.034, 0.034, 1.401, 0.945, 1.316, 1.046, 0.827, 3.341, 0.388, 0.456, 0.152, 2.042, 1.232, 0.911, 0.371, 0.911, 0.979, 0.051, 1.147, 0.152, 2.379, 4.928, 0.793, 0.827, 0.793, 2.295, 1.772, 1.299, 1.569, 0.877, 0.743, 0.186, 0.219, 4.961, 0.54, 0.219, 0.27, 1.772, 0.304, 0.979, 0.135, 0.152, 0.557, 0.118, 0.051, 1.198, 2.194, 0.658, 5.991, 1.046, 1.282, 1.013, 0.219, 0.759, 0.405, 0.607, 0.253, 0.996, 0.506, 0.726, 1.974, 0.321, 0.169, 0.422, 1.603, 0.219, 0.405]",70.0,438.94924285714274,176.26157971593045,1.0238142857142853,1.1241600838322061,45.53890354145609,4.9255129385221466,9.941439289153166,2,0.8345037525333407,-1.034414697870487
Oct1011,9,23,"[93.658, 101.348, 147.488, 170.558, 201.318, 239.768, 247.458, 355.118, 362.808, 385.878, 447.398, 470.468, 516.608, 562.748, 601.198, 631.958, 647.338, 778.068, 808.828, 824.208, 831.898, 847.278, 1016.458]","[1.221, 3.088, 2.182, 2.082, 2.226, 2.053, 2.179, 2.136, 2.109, 2.009, 2.325, 2.201, 2.076, 2.116, 2.197, 2.431, 2.099, 2.216, 2.127, 2.225, 2.193, 2.374, 2.127]",23.0,490.8632173913044,268.73038827321795,2.173565217391305,0.29193787696625023,6.967534120849064,4.980671964927632,2.8594579771038915,2,-0.835344262188714,-1.12299944093592
Oct1011,10,56,"[66.738, 67.97, 71.412, 228.063, 299.95, 310.97, 387.97, 393.134, 397.724, 399.935, 405.065, 410.802, 428.977, 458.963, 465.865, 468.093, 499.97, 502.433, 510.179, 525.367, 530.294, 536.639, 562.019, 567.115, 798.117, 862.968, 867.22, 895.975, 898.574, 902.725, 904.818, 921.44, 978.038, 979.27, 983.911, 985.396, 985.835, 986.56, 1056.963, 1057.03, 1057.722, 1061.84, 1070.8, 1071.965, 1073.804, 1135.111, 1146.147, 1148.459, 1154.568, 1193.667, 1197.565, 1211.858, 1211.892, 1211.977, 1221.292, 1222.743]","[0.051, 2.396, 1.924, 0.017, 0.017, 2.498, 3.78, 3.037, 0.523, 1.536, 2.16, 0.354, 6.058, 2.194, 2.16, 0.017, 0.186, 6.075, 0.017, 3.51, 0.996, 0.034, 3.24, 0.253, 4.523, 3.223, 2.498, 0.439, 2.953, 0.861, 3.206, 2.059, 0.253, 4.506, 1.114, 0.068, 0.202, 0.017, 0.051, 0.523, 1.822, 0.759, 0.017, 0.084, 3.493, 8.944, 1.299, 1.738, 1.603, 2.312, 1.519, 0.017, 0.067, 7.881, 0.743, 0.034]",56.0,766.9981607142856,348.5422450484086,1.8189464285714287,2.005447842927243,8.088406858863502,24.515366809053926,11.723404179156615,2,2.327934036749532,-0.5522341152190875
Oct1011,11,9,"[41.78, 43.906, 46.893, 68.324, 70.13, 70.197, 98.733, 112.621, 119.236]","[0.337, 2.109, 0.304, 0.456, 0.034, 0.135, 0.422, 4.995, 0.54]",9.0,74.64666666666668,27.660759200635756,1.036888888888889,1.5138121448437858,8.90904183219384,8.639529633113607,8.201495497605137,1,-2.6759867515808784,0.49091162721833975
Oct1011,12,167,"[2.14, 5.347, 8.873, 12.417, 21.597, 24.128, 31.317, 32.549, 32.971, 70.889, 72.593, 73.842, 74.602, 75.85, 76.947, 78.652, 82.533, 99.29, 100.235, 103.576, 104.015, 104.757, 108.453, 113.633, 114.815, 119.405, 124.062, 127.64, 129.327, 133.09, 134.66, 144.498, 145.966, 146.405, 153.104, 155.787, 159.415, 159.5, 161.221, 161.474, 161.963, 163.938, 167.988, 190.128, 190.735, 194.752, 195.292, 196.642, 199.51, 202.075, 204.235, 215.592, 228.569, 235.032, 267.297, 270.25, 282.333, 294.972, 300.305, 303.443, 313.585, 316.285, 322.006, 334.696, 345.327, 345.428, 346.39, 363.468, 393.623, 394.315, 394.973, 395.243, 401.15, 408.878, 419.442, 432.993, 435.035, 437.853, 447.117, 453.243, 454.458, 460.195, 463.52, 472.345, 483.213, 488.292, 505.268, 509.133, 538.192, 540.571, 545.667, 554.122, 559.37, 570.423, 582.05, 600.443, 601.27, 608.189, 614.011, 648.335, 660.282, 665.159, 680.752, 688.21, 700.006, 702.706, 715.43, 721.994, 743.695, 762.342, 767.202, 791.722, 799.079, 800.851, 810.706, 817.962, 824.459, 841.283, 843.747, 857.804, 859.002, 860.605, 872.806, 878.78, 893.461, 909.121, 914.133, 927.734, 932.155, 934.619, 943.748, 952.861, 953.975, 976.013, 991.117, 992.433, 995.74, 1001.427, 1004.583, 1007.789, 1020.125, 1023.601, 1057.84, 1061.84, 1065.535, 1072.724, 1082.039, 1088.367, 1088.823, 1099.032, 1116.515, 1124.986, 1138.992, 1152.998, 1154.028, 1158.078, 1162.955, 1171.628, 1180.437, 1200.215, 1204.282, 1206.593, 1213.867, 1216.853, 1224.633, 1231.501, 1238.2]","[0.236, 3.139, 0.253, 5.079, 0.253, 0.27, 1.114, 0.354, 0.034, 0.135, 0.726, 0.321, 0.084, 0.388, 0.675, 1.316, 0.776, 0.776, 1.198, 0.304, 0.236, 1.333, 2.852, 0.253, 0.118, 3.156, 1.367, 0.675, 1.586, 1.181, 2.903, 1.266, 0.067, 1.991, 1.485, 0.591, 0.067, 1.671, 0.068, 0.017, 1.637, 3.966, 21.043, 0.388, 2.312, 0.506, 0.101, 0.456, 0.624, 0.506, 0.354, 2.464, 0.253, 1.552, 0.388, 0.776, 0.574, 0.557, 1.131, 0.439, 0.608, 2.278, 0.388, 2.059, 0.084, 0.169, 0.371, 0.607, 0.169, 0.321, 0.067, 3.628, 1.536, 0.456, 0.236, 0.557, 0.591, 1.89, 0.743, 0.675, 0.169, 0.506, 6.345, 0.472, 0.641, 0.928, 0.473, 2.835, 0.456, 0.591, 2.683, 1.856, 0.439, 3.122, 0.236, 0.236, 0.506, 0.321, 1.62, 0.472, 1.013, 0.203, 0.81, 0.152, 1.198, 0.354, 1.164, 0.473, 0.321, 3.51, 0.489, 0.439, 0.658, 2.548, 0.473, 0.726, 1.688, 0.456, 1.924, 0.186, 0.135, 0.304, 4.185, 0.473, 0.388, 0.287, 0.759, 0.844, 0.675, 0.81, 0.624, 0.54, 0.827, 2.481, 0.135, 0.219, 1.873, 0.354, 0.591, 0.827, 0.422, 1.266, 1.181, 0.422, 0.203, 1.873, 0.996, 0.101, 0.793, 3.594, 1.822, 0.422, 0.338, 0.591, 0.203, 0.591, 0.574, 1.232, 1.299, 0.456, 0.118, 0.641, 0.253, 0.338, 0.81, 0.27, 0.321]",167.0,547.9097185628743,385.02203555741727,1.0774071856287424,1.8578826341036871,31.76719970930833,14.919176542360203,21.344533786284646,0,5.130843983536306,-1.1350589176006298
Oct1112,13,22,"[58.486, 61.034, 61.085, 206.632, 215.035, 275.752, 298.027, 412.507, 414.987, 420.083, 425.213, 433.027, 434.107, 454.34, 640.201, 677.326, 758.427, 760.975, 761.093, 769.818, 772.568, 773.648]","[0.067, 0.034, 0.101, 5.991, 0.051, 0.169, 3.78, 1.232, 3.493, 2.768, 1.941, 0.945, 0.017, 0.067, 5.197, 0.118, 2.531, 0.051, 0.473, 0.962, 1.063, 0.118]",22.0,458.3805,244.43157803356195,1.416772727272727,1.7560084109297989,8.55631264890873,4.0037915722766435,9.198926530582254,2,-0.7432200326338607,-0.5269497113033741
Oct1112,14,12,"[112.351, 155.247, 224.08, 224.637, 271.988, 274.688, 276.089, 277.118, 282.788, 377.153, 443.135, 444.586]","[4.303, 3.358, 0.27, 0.034, 1.114, 0.067, 0.608, 3.814, 0.557, 0.574, 0.928, 0.203]",12.0,280.3216666666667,97.09292544287435,1.3191666666666666,1.4912937243287192,10.6743425835122,7.4038360855724425,3.9791969424133433,1,-2.0555699907443827,0.017041988185656838
Oct1112,15,142,"[0.031, 8.03, 16.45, 18.475, 31.182, 62.232, 63.11, 63.616, 63.835, 64.882, 66.35, 70.248, 76.407, 82.448, 92.894, 95.527, 95.577, 95.847, 95.898, 100.91, 101.939, 109.904, 114.629, 115.945, 122.459, 124.265, 128.146, 131.099, 133.04, 137.832, 141.393, 146.455, 151.687, 152.817, 159.027, 160.968, 163.128, 165.322, 166.773, 168.393, 171.143, 172.983, 177.505, 183.817, 198.802, 201.721, 208.387, 213.955, 216.689, 218.815, 230.003, 232.602, 236.483, 254.978, 258.927, 263.5, 274.503, 280.527, 288.627, 294.803, 301.25, 303.157, 308.101, 320.909, 323.069, 325.212, 331.338, 332.384, 341.767, 348.787, 359.384, 361.342, 364.582, 367.67, 369.34, 374.622, 375.736, 381.052, 384.038, 407.461, 415.51, 419.645, 423.222, 425.281, 431.018, 440.249, 443.928, 451.437, 452.905, 458.947, 464.718, 472.565, 473.695, 475.248, 475.737, 476.395, 477.678, 479.922, 482.268, 483.398, 483.702, 488.022, 490.587, 493.81, 495.093, 498.333, 504.796, 513.217, 517.722, 521.654, 534.344, 534.614, 538.006, 552.94, 554.797, 563.116, 566.288, 572.87, 579.62, 590.504, 610.45, 627.646, 637.433, 652.165, 657.363, 664.872, 670.627, 673.343, 674.508, 679.756, 685.865, 689.206, 691.433, 695.095, 702.976, 708.899, 709.557, 713.54, 715.058, 716.729, 717.742, 724.222]","[4.134, 1.89, 0.557, 0.793, 1.907, 0.051, 0.017, 0.068, 0.658, 0.017, 2.565, 4.809, 2.953, 10.243, 0.742, 0.017, 0.017, 0.034, 2.565, 0.523, 2.379, 3.223, 1.249, 0.624, 1.198, 1.266, 1.688, 0.388, 3.847, 0.658, 0.557, 3.628, 0.506, 4.978, 1.468, 0.996, 0.911, 1.198, 0.911, 1.097, 0.894, 2.616, 4.523, 1.569, 0.591, 5.366, 0.506, 0.996, 0.034, 4.674, 2.227, 1.957, 0.354, 0.911, 0.743, 5.434, 3.527, 4.101, 2.008, 3.611, 1.232, 4.472, 0.135, 0.489, 0.034, 4.742, 0.641, 4.489, 4.404, 8.387, 0.506, 2.244, 2.278, 1.148, 4.506, 0.894, 1.671, 1.552, 4.995, 5.164, 1.519, 2.987, 0.844, 4.556, 4.337, 3.375, 7.459, 0.067, 5.214, 3.915, 4.556, 0.675, 0.473, 0.287, 0.118, 1.08, 0.692, 1.704, 0.928, 0.068, 3.544, 1.418, 2.953, 1.114, 3.139, 5.822, 6.919, 3.662, 3.442, 9.872, 0.135, 3.358, 0.034, 0.439, 5.721, 0.827, 5.096, 2.599, 7.56, 6.649, 15.879, 6.666, 11.627, 3.493, 1.249, 4.776, 1.367, 0.861, 0.219, 1.283, 1.384, 0.422, 0.928, 1.721, 0.051, 0.287, 0.962, 0.304, 1.215, 0.506, 3.071, 0.439]",142.0,354.61568309859155,209.82595469147356,2.4353661971830984,2.5585478866800275,74.50787194217678,21.16874683438185,23.994278457441954,0,4.6223727335461025,1.629244260714979
Oct1112,16,38,"[113.414, 117.582, 118.46, 128.602, 152.092, 158.47, 169.591, 172.848, 203.358, 204.708, 207.779, 236.517, 238.981, 241.057, 249.899, 253.628, 272.073, 277.102, 277.962, 365.847, 368.733, 379.634, 383.853, 384.815, 396.509, 453.158, 518.768, 533.062, 537.027, 566.086, 569.613, 572.33, 575.941, 578.32, 580.97, 655.777, 659.995, 664.636]","[1.586, 0.574, 1.924, 1.738, 1.924, 1.181, 1.738, 1.198, 0.456, 0.894, 1.822, 1.367, 1.097, 0.034, 0.439, 0.979, 0.911, 0.169, 1.063, 0.827, 0.152, 2.059, 0.118, 0.152, 1.704, 2.227, 2.835, 0.979, 0.253, 1.215, 2.43, 1.553, 0.405, 2.582, 0.641, 2.177, 0.692, 0.388]",38.0,356.2946578947369,176.94634152049665,1.1706052631578947,0.7591031598806055,24.355111423037915,5.84826083757355,14.930924036629523,2,-0.2860831766662798,-0.9065051923640985
Oct1413,17,17,"[5.347, 10.628, 21.19, 31.752, 79.281, 95.124, 126.81, 137.372, 169.058, 301.083, 401.422, 433.108, 438.389, 448.951, 496.48, 575.695, 580.976]","[1.181, 2.333, 1.759, 1.748, 1.77, 1.654, 1.726, 1.742, 1.804, 1.803, 1.534, 1.772, 1.712, 1.666, 1.61, 1.679, 2.01]",17.0,256.0391764705882,205.0218813071755,1.735470588235294,0.22016146952716287,8.94706419165303,5.3090216173521485,8.808720536617319,1,-1.4730466353980267,-0.7915859354957384
Oct1413,18,68,"[0.031, 0.79, 7.017, 15.893, 16.13, 41.054, 44.513, 64.966, 87.967, 88.574, 88.793, 88.861, 89.62, 91.477, 92.337, 92.438, 97.957, 117.785, 134.643, 135.824, 135.858, 173.185, 190.212, 203.999, 242.778, 294.601, 296.137, 296.727, 297.942, 302.988, 307.595, 310.632, 312.539, 325.432, 330.443, 341.969, 344.872, 352.617, 369.543, 372.108, 380.613, 388.763, 394.197, 434.984, 436.773, 443.455, 474.387, 476.193, 478.403, 480.445, 487.06, 487.094, 502.805, 505.049, 510.567, 511.664, 517.942, 522.43, 524.978, 543.625, 548.418, 551.05, 552.35, 576.143, 588.243, 598.418, 598.486, 598.958]","[0.186, 1.35, 0.27, 0.203, 0.473, 0.051, 0.422, 0.135, 0.034, 0.051, 0.051, 0.624, 0.979, 0.793, 0.067, 1.536, 0.017, 0.017, 0.979, 0.017, 0.321, 1.367, 0.101, 0.523, 0.506, 0.506, 0.388, 0.051, 0.152, 0.557, 0.591, 1.704, 1.316, 1.266, 0.591, 0.675, 1.924, 2.43, 1.468, 1.536, 0.422, 1.586, 1.164, 1.485, 0.81, 1.417, 0.388, 1.249, 1.62, 1.215, 0.017, 0.186, 0.911, 1.114, 0.388, 1.198, 2.886, 1.046, 0.456, 1.822, 0.422, 0.456, 1.114, 2.109, 0.422, 0.017, 0.017, 0.034]",68.0,313.4167647058823,189.43950632893478,0.7676323529411766,0.6644714596715144,40.45357982440889,9.533474382700199,21.54067530968311,2,1.1695990484694825,-1.1236140288283931
Oct1413,19,16,"[104.977, 111.98, 238.964, 239.858, 245.967, 246.102, 292.964, 295.158, 300.693, 325.145, 334.932, 358.169, 360.65, 436.705, 440.705, 448.973]","[2.936, 2.7, 0.017, 4.371, 0.084, 0.219, 1.299, 3.206, 0.017, 6.598, 2.093, 2.244, 0.287, 2.329, 0.017, 0.017]",16.0,298.871375,98.80512169472479,1.7771249999999998,1.8534321836460594,14.089145282604386,9.508661360197832,4.9406536977340165,1,-1.6733962697475198,0.6593543720301718
Oct1413,20,47,"[4.638, 6.46, 14.493, 30.541, 31.739, 36.548, 48.142, 53.879, 55.904, 57.642, 85.57, 90.042, 96.978, 103.913, 166.115, 172.173, 200.118, 203.948, 209.011, 226.358, 230.915, 239.47, 244.735, 264.968, 278.857, 283.278, 285.05, 287.497, 296.356, 300.98, 322.63, 348.601, 356.313, 398.5, 412.22, 436.199, 448.096, 450.779, 454.542, 503.665, 511.63, 523.342, 550.409, 592.04, 596.528, 600.967, 601.22]","[0.287, 0.304, 0.439, 0.557, 4.286, 4.556, 0.574, 0.776, 0.371, 0.422, 2.565, 2.16, 2.362, 0.034, 0.304, 0.304, 0.388, 2.126, 0.709, 0.287, 1.046, 1.266, 2.177, 2.177, 0.979, 1.063, 1.62, 1.198, 0.287, 0.692, 2.143, 1.131, 0.726, 0.945, 0.827, 1.738, 0.506, 1.418, 1.097, 2.379, 1.232, 3.898, 1.013, 1.164, 4.388, 0.067, 0.388]",47.0,270.5106170212766,183.92398362442802,1.305872340425532,1.1362677916500716,29.1182390443576,5.07663508394961,6.2971789043956825,2,-0.5010252359934081,-0.529683909588029
Oct1518,21,51,"[17.412, 19.471, 25.445, 27.554, 33.038, 52.327, 70.45, 80.677, 92.489, 102.968, 112.857, 144.461, 167.251, 181.998, 193.857, 221.74, 241.911, 256.698, 287.612, 295.051, 297.265, 299.555, 304.496, 316.998, 318.407, 324.104, 325.615, 329.245, 330.059, 333.72, 337.02, 337.161, 340.794, 343.051, 347.041, 363.571, 373.117, 380.988, 385.106, 385.959, 403.637, 426.406, 431.158, 442.811, 455.242, 473.22, 485.916, 501.52, 501.983, 513.861, 531.489]","[1.721, 0.186, 0.456, 1.114, 0.692, 0.574, 0.338, 0.506, 0.54, 0.253, 0.776, 0.622, 0.604, 0.693, 0.648, 0.629, 0.732, 0.683, 0.72, 0.663, 0.704, 0.689, 0.785, 0.653, 0.762, 0.616, 0.42, 0.673, 0.427, 0.681, 0.692, 0.875, 0.582, 0.816, 0.471, 0.67, 0.609, 0.748, 0.658, 0.697, 0.679, 0.751, 0.63, 0.697, 0.595, 0.737, 0.59, 0.584, 0.585, 0.701, 0.735]",51.0,285.603568627451,147.1310560420512,0.6600392156862744,0.21035543783519323,38.184548776228254,14.636368281412741,14.02054206098706,2,0.36722264373451613,-1.3282453997526262
Oct1518,22,34,"[65.202, 69.758, 70.99, 71.817, 74.382, 75.091, 77.251, 79.799, 81.082, 84.254, 86.785, 88.253, 92.067, 93.518, 97.703, 99.56, 102.344, 111.524, 119.911, 123.016, 140.009, 140.195, 307.021, 390.653, 420.91, 421.788, 524.624, 561.749, 562.947, 564.601, 584.767, 584.902, 584.969, 587.18]","[2.109, 0.692, 0.219, 2.211, 0.169, 1.519, 2.042, 0.219, 2.531, 2.042, 0.624, 3.358, 0.624, 3.578, 1.148, 1.806, 5.383, 7.695, 2.261, 0.523, 0.034, 0.405, 0.017, 0.81, 0.81, 0.186, 0.624, 0.759, 0.354, 0.962, 0.084, 0.051, 0.523, 1.789]",34.0,239.4300588235294,206.54836814753176,1.4165000000000003,1.616064905692765,18.639968288504292,20.318446913970032,24.577185536329864,2,0.5513587964520378,0.42990098048054376
Oct1518,23,32,"[180.172, 187.681, 192.76, 230.864, 235.184, 258.252, 267.398, 271.786, 278.485, 291.783, 303.95, 312.286, 319.407, 339.573, 387.987, 396.205, 410.971, 413.182, 414.768, 415.696, 419.223, 472.362, 476.817, 486.065, 490.165, 516.811, 522.008, 523.696, 531.998, 554.425, 561.766, 563.74]","[4.472, 3.679, 0.81, 1.232, 1.941, 1.316, 1.991, 0.034, 2.042, 2.649, 2.599, 1.013, 0.962, 2.616, 3.544, 1.519, 0.27, 1.114, 0.472, 1.063, 4.387, 0.979, 1.215, 0.827, 3.966, 1.688, 0.388, 1.434, 5.265, 0.489, 1.772, 0.017]",32.0,382.1083125,119.31826472124811,1.80515625,1.3626449030601984,26.388433412085224,12.861442809446189,1.5271826714248116,2,-0.778890308913945,0.12998623427549935
Oct1518,24,21,"[7.034, 11.978, 15.185, 23.588, 38.253, 106.192, 268.394, 284.982, 288.29, 294.77, 362.033, 376.023, 381.76, 385.085, 392.712, 413.62, 416.81, 516.018, 519.68, 536.774, 543.592]","[4.101, 0.304, 5.872, 0.489, 3.679, 3.493, 5.501, 0.017, 4.944, 0.034, 6.936, 3.493, 1.958, 5.434, 1.266, 0.017, 0.034, 2.177, 3.291, 4.776, 0.371]",21.0,294.41776190476196,182.85304223777624,2.770809523809523,2.232231354690118,13.152252676633442,5.51370031494102,8.962489209299783,1,-1.1786991695822195,1.463840111955682
Oct812,25,62,"[75.175, 113.735, 113.971, 114.055, 160.664, 162.773, 169.085, 172.392, 173.084, 174.198, 179.767, 185.538, 192.642, 197.587, 200.236, 205.484, 208.353, 212.217, 217.415, 221.212, 225.278, 246.119, 250.422, 256.16, 264.158, 268.428, 278.89, 294.854, 302.431, 303.342, 321.145, 347.099, 364.042, 365.712, 368.024, 373.357, 373.964, 374.183, 381.693, 383.515, 394.805, 408.322, 411.005, 417.367, 419.054, 419.78, 447.151, 450.813, 455.032, 459.976, 460.06, 460.955, 462.102, 483.297, 487.111, 548.232, 550.915, 554.324, 566.862, 574.642, 595.972, 606.974]","[0.827, 0.034, 0.067, 0.017, 0.658, 2.953, 3.291, 0.641, 0.186, 0.354, 0.017, 2.649, 3.021, 0.354, 1.519, 0.844, 2.194, 3.189, 1.957, 0.422, 0.034, 0.202, 1.316, 5.653, 0.321, 2.481, 1.941, 5.603, 0.27, 0.439, 5.957, 4.573, 0.034, 0.405, 2.413, 0.219, 0.152, 2.852, 0.422, 8.252, 0.287, 0.506, 3.206, 0.827, 0.101, 2.683, 0.338, 1.873, 3.696, 0.051, 0.523, 0.084, 0.54, 1.367, 7.526, 0.219, 1.114, 5.4, 4.084, 0.017, 5.602, 0.034]",62.0,329.47016129032266,138.92634309580737,1.7550161290322583,2.032905790082944,47.72231709802292,17.612068696098397,7.552649731268465,2,0.8602290467324691,0.750737184262979
Oct812,26,8,"[123.758, 126.037, 127.403, 261.796, 264.277, 264.85, 444.316, 447.539]","[1.552, 0.371, 0.557, 0.017, 0.219, 0.101, 0.456, 0.084]",8.0,257.497,124.1108967274832,0.419625,0.4638636484733418,6.50630286079199,3.11604921594369,1.784514861666613,1,-2.5314470751169655,-1.5937576204618042
Oct812,27,14,"[118.038, 141.815, 209.483, 244.178, 253.291, 264.277, 280.527, 297.115, 325.162, 370.808, 377.339, 418.7, 453.968, 456.365]","[11.188, 1.063, 1.215, 0.169, 6.531, 0.692, 0.641, 0.219, 0.287, 5.349, 1.62, 0.186, 2.008, 0.371]",14.0,300.79042857142855,102.52274744152726,2.2527857142857144,3.1152852237813162,12.218388018481527,7.799898050827501,2.9587688322727925,1,-1.8343621926982256,1.8543966348343797
Oct812,28,37,"[41.611, 42.623, 43.113, 43.484, 55.448, 57.372, 96.016, 119.776, 125.412, 140.144, 147.198, 150.995, 152.699, 154.032, 183.985, 201.535, 212.437, 219.49, 237.04, 248.06, 252.093, 262.336, 300.406, 320.437, 348.162, 388.038, 403.175, 409.874, 412.692, 418.295, 423.188, 457.023, 457.242, 477.863, 543.541, 557.345, 559.572]","[0.186, 0.456, 0.354, 0.017, 0.118, 0.405, 2.177, 1.232, 0.338, 0.135, 0.962, 0.27, 0.591, 0.641, 2.278, 4.911, 3.898, 0.675, 1.485, 1.856, 1.384, 0.574, 1.013, 0.456, 0.371, 0.456, 3.493, 0.607, 4.05, 1.299, 0.287, 0.118, 0.051, 0.911, 6.007, 2.092, 0.354]",37.0,261.1824864864865,159.65232609534763,1.256972972972973,1.4411028713301581,26.049748325917363,6.186632230493365,9.581413365532407,2,-0.7306292096904171,-0.18977534940382823
Oct817,29,35,"[5.279, 97.923, 101.905, 123.742, 125.598, 135.959, 136.043, 143.637, 148.919, 152.21, 209.939, 370.842, 376.58, 380.579, 433.533, 445.666, 448.805, 514.33, 516.929, 528.809, 528.877, 530.058, 537.247, 545.093, 548.452, 563.116, 576.515, 598.975, 601.81, 607.463, 664.113, 666.847, 709.81, 712.78, 718.163]","[5.383, 1.401, 0.523, 0.405, 5.788, 0.034, 0.034, 1.384, 1.35, 1.586, 2.683, 0.641, 3.24, 0.337, 1.114, 1.232, 0.996, 1.299, 1.62, 0.017, 0.574, 4.928, 6.682, 1.468, 1.046, 2.261, 2.008, 0.337, 0.118, 0.641, 1.367, 2.683, 0.304, 0.236, 0.051]",35.0,414.4727428571429,214.42010692061544,1.5934571428571427,1.6899855678649556,17.62572831136256,12.957166084669069,14.550230681630023,2,0.185979631267595,-0.0110706426649666
Oct817,30,70,"[29.967, 33.275, 203.375, 221.228, 228.046, 334.527, 340.518, 344.838, 366.303, 373.627, 378.065, 383.768, 398.365, 426.378, 432.2, 436.334, 444.603, 447.505, 454.694, 457.175, 479.264, 487.415, 495.667, 500.071, 503.935, 508.39, 513.25, 516.018, 522.447, 543.963, 544.672, 549.869, 559.133, 563.386, 565.293, 573.781, 575.08, 575.603, 577.966, 580.497, 582.252, 584.615, 588.698, 591.668, 597.811, 599.414, 607.767, 611.21, 611.969, 627.68, 629.384, 636.893, 642.074, 664.265, 667.42, 671.453, 702.706, 708.157, 710.637, 714.755, 716.999, 726.112, 726.398, 726.787, 727.175, 728.086, 728.221, 730.904, 732.001, 733.52]","[0.068, 5.721, 1.131, 0.844, 0.557, 4.286, 0.574, 3.071, 4.202, 0.658, 3.223, 2.329, 0.962, 1.148, 3.358, 4.776, 1.586, 2.126, 0.793, 2.076, 3.544, 0.152, 2.194, 1.941, 3.139, 2.211, 0.354, 4.776, 0.354, 0.118, 2.97, 7.965, 0.894, 0.405, 1.738, 0.641, 0.067, 0.776, 0.709, 0.169, 2.109, 0.337, 0.574, 1.822, 0.338, 2.464, 1.789, 0.321, 2.683, 0.607, 1.789, 2.953, 2.312, 0.304, 2.902, 2.211, 2.16, 2.211, 0.337, 2.194, 0.034, 0.152, 0.219, 0.287, 0.861, 0.101, 0.186, 0.219, 0.337, 0.405]",70.0,535.6788857142858,157.9988762520203,1.626057142857143,1.5526287467730728,52.10278484185572,28.792837092729293,9.58401775339214,2,2.2630740667764355,0.09361781373142859
Oct817,31,7,"[104.42, 109.297, 113.971, 129.412, 313.028, 313.585, 548.367]","[0.287, 3.949, 3.004, 0.439, 0.371, 0.101, 0.388]",7.0,233.1542857142857,155.42027182699013,1.219857142857143,1.4528657816852306,5.097124180842385,2.909678506106947,2.937378371199577,1,-2.3874639058141685,-0.28371219839658246
Oct817,32,40,"[102.732, 102.85, 103.07, 103.137, 103.171, 104.47, 179.092, 179.902, 182.416, 186.888, 198.734, 201.232, 204.083, 207.779, 212.453, 214.782, 254.033, 259.18, 316.235, 320.386, 327.423, 329.802, 332.958, 358.507, 362.32, 388.713, 471.586, 475.619, 544.233, 548.857, 571.148, 578.236, 598.351, 604.038, 605.253, 655.928, 666.323, 703.668, 715.818, 718.079]","[0.017, 0.203, 0.034, 0.017, 0.051, 0.388, 0.017, 0.017, 0.962, 0.928, 1.654, 1.704, 0.894, 3.257, 0.641, 2.244, 0.287, 1.418, 3.831, 0.101, 0.776, 0.827, 2.042, 2.109, 1.873, 2.886, 0.321, 4.033, 1.384, 1.704, 4.168, 0.034, 2.092, 0.928, 0.017, 7.172, 0.793, 1.418, 1.131, 2.059]",40.0,357.337125,200.64945008586335,1.4108,1.4728977425469836,22.55308515042257,11.229480715329617,14.60007141585612,2,0.1248926060415476,-0.19440014883058315
Oct910,33,41,"[6.832, 10.628, 17.733, 20.264, 28.077, 50.909, 69.792, 116.637, 122.206, 124.113, 127.775, 144.717, 146.995, 159.297, 169.793, 176.813, 187.445, 188.423, 195.173, 205.012, 208.1, 212.352, 218.09, 218.967, 240.668, 270.605, 277.456, 280.426, 302.06, 302.498, 323.592, 324.976, 330.595, 336.569, 349.748, 356.195, 384.224, 412.034, 420.083, 432.267, 433.651]","[0.152, 3.105, 0.084, 0.304, 0.152, 0.287, 0.371, 0.354, 0.354, 0.101, 0.101, 0.692, 2.717, 0.169, 0.962, 0.928, 0.861, 0.236, 0.489, 0.911, 0.084, 0.202, 0.827, 0.068, 3.24, 0.27, 1.215, 0.371, 0.169, 0.523, 1.012, 0.051, 0.81, 0.337, 1.789, 0.911, 0.928, 1.367, 0.236, 0.371, 0.388]",41.0,217.16560975609758,122.86017904242007,0.6950975609756099,0.767222478779963,33.50483663869177,16.56398818887675,1.9446677787202509,2,-0.6091794059208541,-0.8269756058455873
Oct910,34,79,"[16.282, 71.024, 80.187, 80.795, 81.318, 161.66, 161.828, 161.963, 163.752, 197.317, 198.025, 198.38, 203.273, 205.518, 225.7, 228.097, 237.023, 237.631, 239.032, 239.217, 239.622, 250.152, 259.062, 261.982, 262.977, 265.745, 274.52, 276.393, 280.207, 284.594, 289.538, 293.723, 300.457, 305.992, 317.146, 325.499, 333.7, 338.577, 341.142, 351.807, 361.19, 365.948, 366.725, 367.653, 378.267, 378.706, 380.528, 387.852, 394.366, 394.67, 394.973, 398.888, 400.964, 426.023, 430.225, 444.856, 450.543, 453.783, 521.772, 534.884, 613.724, 625.233, 662.037, 664.602, 667.066, 674.879, 684.211, 689.712, 743.695, 745.383, 751.762, 754.462, 761.465, 762.73, 764.789, 768.164, 796.649, 796.902, 797.965]","[0.304, 2.396, 0.354, 0.354, 1.519, 0.118, 0.067, 0.051, 0.219, 0.135, 0.219, 3.307, 1.907, 17.533, 0.743, 0.27, 0.169, 0.776, 0.017, 0.051, 7.425, 7.307, 2.886, 0.051, 1.046, 6.632, 0.979, 1.536, 2.228, 0.017, 0.017, 5.13, 1.569, 8.016, 6.294, 4.809, 2.784, 0.945, 8.826, 7.206, 2.717, 0.489, 0.456, 0.321, 0.017, 0.034, 6.041, 6.176, 0.118, 0.067, 3.122, 1.434, 4.776, 1.519, 7.155, 3.172, 1.772, 1.181, 10.142, 1.08, 9.332, 0.034, 1.013, 0.726, 6.497, 2.548, 0.017, 8.252, 0.287, 5.012, 2.194, 3.476, 0.068, 0.996, 0.776, 2.177, 0.169, 0.658, 0.607]",79.0,394.92535443037974,210.063787770783,2.5675949367088613,3.220669992876069,43.445738161063296,29.679017688366738,27.456077357704906,0,3.155669062301969,2.3773445067858465
Oct910,35,37,"[125.243, 128.348, 136.432, 138.828, 183.091, 187.141, 189.436, 195.713, 205.771, 225.008, 231.117, 260.311, 264.715, 271.313, 277.456, 281.557, 309.822, 309.974, 318.783, 395.868, 432.284, 443.81, 445.953, 446.83, 447.792, 485.997, 488.377, 502.214, 506.483, 672.972, 675.706, 735.933, 741.215, 744.775, 748.319, 756.993, 758.427]","[0.776, 1.603, 0.523, 0.911, 1.468, 0.793, 3.966, 1.434, 3.223, 2.767, 3.696, 0.743, 2.143, 0.81, 0.388, 1.029, 0.017, 1.316, 1.839, 2.143, 1.772, 0.068, 0.861, 0.034, 1.299, 0.354, 2.683, 0.405, 1.451, 0.337, 6.261, 1.89, 2.008, 0.084, 3.122, 1.114, 1.046]",37.0,396.48667567567566,207.33415525694514,1.5237027027027028,1.289650987039158,20.200149162870385,11.746312622792622,5.66947515559882,2,-0.2374588756134077,-0.4342155823894042
Oct910,36,56,"[72.121, 130.677, 145.882, 157.576, 159.753, 173.708, 228.4, 231.826, 243.098, 270.352, 300.473, 306.464, 316.387, 326.967, 336.704, 354.659, 357.342, 362.185, 373.137, 374.555, 375.871, 380.157, 384.697, 387.093, 391.919, 413.502, 413.975, 424.42, 426.968, 427.12, 454.289, 458.693, 461.41, 466.54, 483.365, 488.63, 507.513, 519.983, 530.395, 548.873, 554.493, 562.863, 570.001, 574.321, 581.78, 586.606, 593.187, 596.275, 615.462, 634.261, 643.846, 684.7, 716.223, 748.117, 760.233, 763.405]","[0.793, 2.464, 0.506, 0.253, 6.21, 0.321, 1.232, 1.468, 2.211, 0.675, 0.405, 0.354, 0.945, 1.367, 1.688, 0.776, 0.219, 1.164, 0.422, 0.135, 4.05, 0.624, 0.793, 1.232, 0.574, 0.304, 0.034, 1.603, 0.068, 0.793, 0.405, 1.249, 0.523, 0.591, 0.54, 2.379, 0.793, 0.658, 3.915, 2.278, 0.861, 1.35, 1.721, 0.54, 0.219, 0.422, 0.473, 0.523, 0.405, 3.054, 0.641, 0.439, 1.586, 0.608, 0.675, 0.675]",56.0,434.8830714285714,166.99033050030783,1.0929642857142858,1.1082691615482112,38.62328826712173,10.985901471928544,2.8799135491934873,2,0.3064951818223152,-0.921474912471595
Oct911,37,3,"[31.975, 45.948, 47.517]","[12.555, 1.553, 0.017]",3.0,41.81333333333333,6.986178847473695,4.708333333333333,5.583753655820508,2.998684197062619,2.9947385203482977,2.9881681684461396,1,-3.3091575012773347,6.307947087790864
Oct911,38,29,"[3.71, 38.725, 68.915, 70.18, 72.745, 72.948, 130.019, 132.668, 134.896, 136.313, 141.46, 146.033, 151.096, 157.762, 160.732, 172.19, 185.673, 189.503, 193.655, 204.202, 208.876, 220.283, 283.953, 289.015, 301.908, 305.519, 309.012, 313.703, 314.075]","[9.602, 0.017, 1.114, 1.89, 0.135, 0.017, 1.502, 1.62, 0.27, 3.645, 2.751, 0.945, 4.219, 1.704, 1.569, 0.557, 3.004, 2.379, 3.426, 0.692, 7.796, 3.746, 3.308, 0.371, 0.877, 2.531, 2.953, 0.304, 0.844]",29.0,176.19893103448274,87.1422781824232,2.199586206896552,2.168661791683134,26.272284677274673,19.179428093629905,10.54599241889656,1,-0.6967069463389606,1.757433671863829
Oct911,39,7,"[64.139, 72.087, 122.003, 186.753, 194.684, 196.962, 334.223]","[0.675, 0.658, 0.388, 0.017, 0.472, 0.911, 1.013]",7.0,167.26442857142857,85.8827618490249,0.5905714285714286,0.31096019825366583,6.382988472953793,4.809849269424583,3.0228434298512927,1,-2.787451608699369,-1.215989050880304
Oct911,40,19,"[79.968, 82.297, 91.392, 95.29, 96.674, 101.298, 132.179, 198.38, 200.422, 245.107, 264.293, 267.348, 270.284, 281.05, 289.285, 343.994, 345.749, 350.812, 350.879]","[0.473, 7.476, 0.084, 0.219, 0.152, 1.468, 0.776, 0.439, 3.848, 0.304, 0.641, 0.489, 1.384, 1.519, 3.729, 0.202, 1.671, 0.017, 0.017]",19.0,215.08952631578947,99.83848222391818,1.3109473684210524,1.82094066129755,16.651523528374938,10.477911600640171,2.8743530300013287,1,-1.77485826031384,0.3961737772354033
Oct917,41,126,"[20.872, 26.693, 28.567, 34.962, 36.616, 38.692, 41.864, 48.293, 51.348, 56.377, 65.945, 68.78, 71.598, 73.876, 79.883, 85.469, 88.118, 91.426, 96.202, 102.226, 102.884, 104.015, 104.909, 106.276, 110.005, 110.697, 111.811, 112.807, 115.76, 116.232, 119.894, 130.66, 133.748, 136.06, 137.326, 138.929, 140.009, 141.68, 142.591, 143.823, 144.177, 145.865, 147.586, 151.248, 151.855, 155.163, 156.378, 156.85, 157.863, 164.647, 167.33, 169.355, 172.78, 177.455, 181.741, 183.833, 184.289, 185.116, 189.352, 194.178, 197.485, 200.607, 202.767, 206.986, 210.918, 212.825, 215.153, 218.393, 220.975, 225.464, 227.05, 227.422, 255.822, 262.218, 276.494, 280.814, 289.555, 296.997, 302.684, 313.096, 313.417, 316.015, 316.235, 318.007, 318.293, 325.972, 331.388, 338.965, 341.547, 357.41, 359.468, 360.38, 367.315, 372.682, 378.571, 385.321, 387.903, 391.312, 418.733, 422.024, 426.901, 427.053, 431.204, 437.684, 442.291, 446.678, 452.821, 455.96, 459.655, 464.701, 482.96, 492.173, 503.429, 515.832, 522.059, 524.827, 527.392, 529.788, 532.792, 534.968, 535.745, 542.208, 545.482, 547.675, 559.488, 565.782]","[5.619, 1.282, 4.944, 1.586, 1.907, 1.907, 3.088, 0.827, 2.886, 4.539, 0.253, 0.641, 2.143, 0.608, 0.692, 0.962, 1.704, 2.767, 0.219, 0.253, 0.827, 0.169, 0.827, 3.544, 0.658, 0.624, 0.608, 0.169, 0.27, 0.354, 8.758, 1.367, 2.278, 0.692, 0.658, 0.759, 1.417, 0.422, 0.827, 0.118, 1.282, 0.54, 1.806, 0.54, 2.278, 0.152, 0.456, 0.54, 6.581, 1.367, 1.114, 3.206, 3.358, 2.177, 1.738, 0.388, 0.354, 0.54, 0.759, 1.316, 0.523, 1.991, 2.632, 1.063, 1.536, 0.607, 2.126, 1.249, 2.953, 0.321, 0.354, 0.017, 5.214, 0.607, 0.371, 5.586, 0.523, 3.206, 5.501, 0.236, 0.084, 0.152, 0.017, 0.135, 1.367, 0.641, 0.034, 0.591, 3.308, 0.81, 0.641, 5.468, 1.822, 0.439, 5.4, 2.278, 2.059, 13.297, 1.738, 3.949, 0.051, 0.911, 2.616, 2.261, 2.211, 3.577, 0.608, 0.489, 0.337, 3.848, 5.434, 0.81, 3.577, 2.936, 0.911, 2.109, 0.776, 1.299, 0.321, 0.219, 3.831, 0.456, 0.354, 4.168, 4.117, 1.856]",126.0,252.99376984126982,157.0701036294851,1.7904285714285713,1.958993880203748,89.83511042707956,30.882831300529013,42.90803344237222,0,5.294862319348753,1.5192738920492013
Oct917,42,35,"[5.701, 8.755, 26.963, 30.946, 53.542, 70.433, 74.264, 77.639, 84.271, 88.962, 117.616, 183.968, 190.938, 206.665, 218.866, 282.299, 317.483, 322.563, 329.515, 337.784, 344.804, 361.544, 383.971, 385.895, 386.975, 387.97, 418.615, 422.969, 426.698, 426.749, 428.47, 431.17, 441.413, 444.755, 452.686]","[2.919, 0.017, 0.726, 10.614, 2.599, 0.709, 0.506, 2.616, 4.016, 1.367, 1.974, 0.911, 6.716, 7.712, 1.08, 3.78, 0.996, 4.236, 0.253, 4.843, 13.314, 1.215, 1.603, 0.996, 0.051, 0.067, 2.177, 3.594, 0.017, 0.101, 1.755, 0.101, 1.991, 1.215, 2.97]",35.0,262.1102,155.39819699207763,2.564485714285715,2.968497872868446,24.94130648909963,6.356008041090047,16.582916689092983,1,-0.41109106719400446,2.0657213239762378
Oct917,43,73,"[57.018, 61.102, 62.857, 72.965, 87.73, 99.745, 101.872, 104.622, 110.427, 111.524, 111.777, 114.089, 116.097, 118.527, 118.949, 126.779, 138.085, 150.792, 161.17, 164.63, 167.515, 167.65, 167.768, 185.082, 196.895, 206.564, 209.112, 213.618, 213.989, 218.832, 220.604, 231.978, 236.77, 237.682, 251.502, 268.63, 284.425, 288.475, 299.579, 300.507, 304.473, 315.442, 320.858, 323.93, 364.683, 365.763, 367.973, 384.022, 386.367, 389.287, 392.763, 395.125, 418.97, 421.872, 426.597, 427.34, 428.791, 455.487, 462.895, 464.87, 466.912, 482.167, 487.972, 488.95, 503.902, 504.728, 515.09, 516.862, 521.84, 521.958, 522.025, 526.025, 527.037]","[3.459, 0.827, 0.439, 1.131, 0.017, 0.608, 0.338, 0.894, 1.013, 0.034, 1.856, 0.287, 1.941, 0.405, 0.017, 0.489, 0.321, 0.506, 0.236, 1.131, 0.017, 0.084, 0.169, 0.422, 0.506, 2.194, 0.472, 0.354, 0.017, 0.658, 1.282, 0.456, 0.489, 0.354, 0.844, 0.354, 1.249, 0.911, 0.456, 0.405, 1.603, 2.987, 0.405, 2.379, 0.388, 0.709, 0.591, 0.337, 1.283, 0.405, 0.371, 0.354, 1.198, 1.873, 0.591, 0.304, 0.759, 0.422, 1.131, 0.456, 0.405, 0.354, 0.523, 1.012, 0.135, 2.092, 0.304, 0.287, 0.101, 0.017, 0.523, 0.135, 1.029]",73.0,289.8754794520548,150.02097080267924,0.7274657534246576,0.6896498830246687,53.579853526022404,12.409422264258806,20.28180764884178,2,1.4037583470656811,-0.9254980725604054
Oct917,44,12,"[103.66, 106.124, 109.516, 114.224, 119.354, 163.702, 309.89, 316.64, 320.977, 321.095, 516.338, 521.738]","[1.131, 0.574, 4.657, 4.927, 0.472, 3.763, 4.455, 4.303, 0.051, 0.489, 0.017, 0.017]",12.0,251.93816666666666,149.34708617558928,2.071333333333333,2.022264421110377,8.891175317681613,3.6484643665703116,3.6872270628346078,1,-2.063424157949351,0.8227072794823379
Oct99,45,39,"[3.473, 4.975, 9.903, 22.508, 151.94, 159.23, 176.797, 181.775, 189.908, 192.473, 252.717, 256.987, 271.482, 287.665, 290.602, 301.925, 305.3, 307.392, 312.86, 338.172, 343.471, 364.126, 405.959, 431.457, 446.543, 449.834, 453.665, 455.217, 458.795, 491.752, 502.906, 529.062, 529.585, 542.107, 555.995, 559.336, 574.473, 580.227, 583.687]","[0.253, 2.092, 0.253, 1.164, 1.316, 1.806, 0.304, 0.54, 1.131, 1.299, 2.093, 1.164, 0.743, 0.776, 2.751, 1.519, 0.489, 0.422, 1.738, 0.675, 3.004, 1.08, 3.324, 0.574, 0.81, 0.793, 1.418, 0.017, 0.81, 4.438, 0.742, 0.051, 1.839, 1.468, 1.755, 0.692, 2.886, 0.641, 0.422]",39.0,340.4174615384616,170.52420230839724,1.263897435897436,0.9653716647069491,26.32040806439391,7.020717922638302,3.868005995475813,2,-0.682297679237625,-0.7634685945138765
Oct99,46,65,"[21.935, 24.365, 24.432, 27.689, 35.738, 42.286, 59.026, 61.76, 61.945, 62.418, 77.892, 82.6, 84.659, 116.958, 135.453, 136.87, 148.936, 156.8, 161.575, 178.838, 182.804, 188.373, 190.972, 191.258, 201.974, 210.496, 221.819, 227.472, 228.755, 231.303, 238.137, 252.11, 253.966, 256.312, 258.691, 281.978, 282.552, 292.947, 309.383, 316.184, 321.247, 327.895, 339.775, 346.222, 348.685, 360.127, 367.771, 380.579, 384.848, 385.355, 385.962, 410.11, 438.038, 453.175, 459.318, 460.465, 476.969, 492.005, 495.228, 500.527, 511.664, 522.667, 543.271, 547.372, 548.705]","[0.101, 0.034, 0.473, 3.021, 1.029, 2.649, 1.148, 0.017, 0.084, 0.894, 1.519, 0.439, 2.244, 0.489, 0.489, 0.827, 0.405, 0.726, 0.439, 0.894, 1.131, 0.422, 0.067, 0.506, 0.017, 1.738, 0.253, 0.641, 0.27, 0.607, 0.034, 0.456, 0.034, 0.371, 0.472, 0.354, 1.215, 0.928, 0.354, 0.692, 2.16, 1.553, 0.506, 0.236, 0.405, 0.743, 0.034, 0.574, 0.321, 0.506, 0.051, 0.456, 0.422, 0.337, 0.439, 0.304, 0.624, 0.253, 0.169, 0.304, 0.405, 0.709, 0.371, 0.996, 0.203]",65.0,266.57909230769235,155.7447078340037,0.639446153846154,0.6158379664706826,46.552392064918656,11.339531215802891,8.750451248276596,2,0.5067328275954817,-1.1985076266948749
Oct99,47,47,"[79.478, 141.933, 142.692, 144.16, 146.422, 155.517, 158.943, 161.052, 169.962, 194.515, 215.322, 221.853, 226.51, 233.007, 247.722, 253.274, 255.67, 256.97, 266.437, 269.018, 271.752, 278.789, 281.928, 289.42, 313.653, 321.314, 329.532, 345.378, 345.631, 359.266, 366.235, 383.903, 392.932, 409.317, 428.639, 441.245, 445.413, 458.322, 462.878, 463.317, 492.173, 521.992, 538.327, 542.495, 548.03, 580.666, 588.108]","[3.966, 0.27, 0.608, 0.759, 0.219, 0.236, 0.456, 0.439, 0.067, 0.068, 0.253, 0.169, 0.371, 0.219, 1.468, 1.249, 0.658, 0.472, 0.456, 0.473, 0.405, 2.481, 0.017, 0.371, 0.101, 0.439, 0.506, 0.067, 0.861, 0.186, 0.388, 0.27, 1.856, 0.557, 3.594, 0.051, 0.422, 0.422, 0.101, 0.051, 2.278, 1.299, 0.101, 0.354, 0.203, 0.321, 0.675]",47.0,322.1513191489362,134.41462744696597,0.6649574468085107,0.8522250715962956,36.864530477125165,15.549972945833801,7.785184440489558,2,0.07369097412210561,-0.9732243937710549
Oct99,48,92,"[97.906, 98.969, 99.458, 100.673, 100.96, 102.395, 103.205, 107.947, 109.432, 116.958, 117.413, 120.805, 122.695, 123.134, 123.978, 126.509, 127.235, 129.344, 132.955, 134.558, 138.203, 140.515, 144.886, 154.336, 160.073, 164.191, 165.693, 172.763, 176.392, 179.058, 186.078, 188.812, 193.435, 203.982, 206.429, 213.112, 220.469, 225.937, 230.122, 231.995, 236.551, 243.233, 255.063, 260.851, 272.444, 280.443, 283.295, 299.157, 303.275, 307.358, 314.277, 321.854, 329.836, 334.561, 338.105, 344.703, 355.688, 358.625, 364.295, 369.273, 383.33, 388.949, 394.535, 402.466, 404.812, 406.702, 411.578, 430.715, 437.735, 461.427, 473.527, 476.834, 490.334, 493.355, 497.303, 500.898, 509.116, 517.891, 536.656, 540.284, 541.567, 547.692, 550.831, 553.227, 560.652, 570.068, 571.925, 582.86, 587.77, 589.525, 591.955, 603.262]","[1.029, 0.068, 0.996, 0.101, 0.574, 0.219, 0.219, 1.164, 5.889, 0.169, 3.004, 1.08, 0.338, 0.591, 2.413, 0.439, 0.709, 0.422, 0.776, 0.489, 0.911, 0.287, 4.252, 3.51, 2.278, 0.287, 4.387, 0.844, 0.945, 3.409, 0.371, 1.907, 2.649, 0.439, 4.033, 3.139, 0.253, 2.7, 0.523, 1.451, 0.253, 5.029, 0.439, 7.746, 4.016, 1.249, 5.4, 0.692, 2.565, 0.523, 5.113, 1.468, 0.422, 1.249, 0.641, 6.817, 1.772, 0.338, 0.658, 3.189, 1.198, 2.177, 0.658, 1.114, 0.422, 2.379, 0.574, 1.114, 2.7, 2.329, 2.632, 2.16, 0.641, 0.675, 1.114, 6.159, 4.539, 0.017, 0.878, 1.013, 0.051, 1.958, 1.586, 0.675, 5.062, 0.793, 0.759, 0.557, 0.591, 0.338, 0.27, 0.591]",92.0,306.2573695652174,162.77606669070917,1.7018152173913048,1.7242812171613386,63.61135295428521,15.619216004072047,31.035963883377242,0,2.8372872725635276,0.7240380397522724
